[
    {
      "anonymous": false,
      "inputs": [
        {
          "indexed": true,
          "internalType": "address",
          "name": "submittingMember",
          "type": "address"
        },
        {
          "indexed": false,
          "internalType": "bytes",
          "name": "conflictingPublicKey",
          "type": "bytes"
        }
      ],
      "name": "ConflictingPublicKeySubmitted",
      "type": "event"
    },
    {
      "anonymous": false,
      "inputs": [
        {
          "indexed": true,
          "internalType": "address",
          "name": "token",
          "type": "address"
        },
        {
          "indexed": false,
          "internalType": "uint256",
          "name": "amount",
          "type": "uint256"
        }
      ],
      "name": "ERC20RewardDistributed",
      "type": "event"
    },
    {
      "anonymous": false,
      "inputs": [
        {
          "indexed": false,
          "internalType": "uint256",
          "name": "amount",
          "type": "uint256"
        }
      ],
      "name": "ETHRewardDistributed",
      "type": "event"
    },
    {
      "anonymous": false,
      "inputs": [],
      "name": "KeepClosed",
      "type": "event"
    },
    {
      "anonymous": false,
      "inputs": [],
      "name": "KeepTerminated",
      "type": "event"
    },
    {
      "anonymous": false,
      "inputs": [
        {
          "indexed": false,
          "internalType": "bytes",
          "name": "publicKey",
          "type": "bytes"
        }
      ],
      "name": "PublicKeyPublished",
      "type": "event"
    },
    {
      "anonymous": false,
      "inputs": [
        {
          "indexed": true,
          "internalType": "bytes32",
          "name": "digest",
          "type": "bytes32"
        }
      ],
      "name": "SignatureRequested",
      "type": "event"
    },
    {
      "anonymous": false,
      "inputs": [
        {
          "indexed": true,
          "internalType": "bytes32",
          "name": "digest",
          "type": "bytes32"
        },
        {
          "indexed": false,
          "internalType": "bytes32",
          "name": "r",
          "type": "bytes32"
        },
        {
          "indexed": false,
          "internalType": "bytes32",
          "name": "s",
          "type": "bytes32"
        },
        {
          "indexed": false,
          "internalType": "uint8",
          "name": "recoveryID",
          "type": "uint8"
        }
      ],
      "name": "SignatureSubmitted",
      "type": "event"
    },
    {
      "anonymous": false,
      "inputs": [],
      "name": "SlashingFailed",
      "type": "event"
    },
    {
      "constant": true,
      "inputs": [],
      "name": "checkBondAmount",
      "outputs": [
        {
          "internalType": "uint256",
          "name": "",
          "type": "uint256"
        }
      ],
      "payable": false,
      "stateMutability": "view",
      "type": "function"
    },
    {
      "constant": true,
      "inputs": [
        {
          "internalType": "uint8",
          "name": "_v",
          "type": "uint8"
        },
        {
          "internalType": "bytes32",
          "name": "_r",
          "type": "bytes32"
        },
        {
          "internalType": "bytes32",
          "name": "_s",
          "type": "bytes32"
        },
        {
          "internalType": "bytes32",
          "name": "_signedDigest",
          "type": "bytes32"
        },
        {
          "internalType": "bytes",
          "name": "_preimage",
          "type": "bytes"
        }
      ],
      "name": "checkSignatureFraud",
      "outputs": [
        {
          "internalType": "bool",
          "name": "_isFraud",
          "type": "bool"
        }
      ],
      "payable": false,
      "stateMutability": "view",
      "type": "function"
    },
    {
      "constant": false,
      "inputs": [],
      "name": "closeKeep",
      "outputs": [],
      "payable": false,
      "stateMutability": "nonpayable",
      "type": "function"
    },
    {
      "constant": true,
      "inputs": [],
      "name": "digest",
      "outputs": [
        {
          "internalType": "bytes32",
          "name": "",
          "type": "bytes32"
        }
      ],
      "payable": false,
      "stateMutability": "view",
      "type": "function"
    },
    {
      "constant": true,
      "inputs": [
        {
          "internalType": "bytes32",
          "name": "",
          "type": "bytes32"
        }
      ],
      "name": "digests",
      "outputs": [
        {
          "internalType": "uint256",
          "name": "",
          "type": "uint256"
        }
      ],
      "payable": false,
      "stateMutability": "view",
      "type": "function"
    },
    {
      "constant": false,
      "inputs": [
        {
          "internalType": "address",
          "name": "_tokenAddress",
          "type": "address"
        },
        {
          "internalType": "uint256",
          "name": "_value",
          "type": "uint256"
        }
      ],
      "name": "distributeERC20Reward",
      "outputs": [],
      "payable": false,
      "stateMutability": "nonpayable",
      "type": "function"
    },
    {
      "constant": false,
      "inputs": [],
      "name": "distributeETHReward",
      "outputs": [],
      "payable": true,
      "stateMutability": "payable",
      "type": "function"
    },
    {
      "constant": true,
      "inputs": [
        {
          "internalType": "address",
          "name": "_member",
          "type": "address"
        }
      ],
      "name": "getMemberETHBalance",
      "outputs": [
        {
          "internalType": "uint256",
          "name": "",
          "type": "uint256"
        }
      ],
      "payable": false,
      "stateMutability": "view",
      "type": "function"
    },
    {
      "constant": true,
      "inputs": [],
      "name": "getMembers",
      "outputs": [
        {
          "internalType": "address[]",
          "name": "",
          "type": "address[]"
        }
      ],
      "payable": false,
      "stateMutability": "view",
      "type": "function"
    },
    {
      "constant": true,
      "inputs": [],
      "name": "getOpenedTimestamp",
      "outputs": [
        {
          "internalType": "uint256",
          "name": "",
          "type": "uint256"
        }
      ],
      "payable": false,
      "stateMutability": "view",
      "type": "function"
    },
    {
      "constant": true,
      "inputs": [],
      "name": "getOwner",
      "outputs": [
        {
          "internalType": "address",
          "name": "",
          "type": "address"
        }
      ],
      "payable": false,
      "stateMutability": "view",
      "type": "function"
    },
    {
      "constant": true,
      "inputs": [],
      "name": "getPublicKey",
      "outputs": [
        {
          "internalType": "bytes",
          "name": "",
          "type": "bytes"
        }
      ],
      "payable": false,
      "stateMutability": "view",
      "type": "function"
    },
    {
      "constant": true,
      "inputs": [],
      "name": "honestThreshold",
      "outputs": [
        {
          "internalType": "uint256",
          "name": "",
          "type": "uint256"
        }
      ],
      "payable": false,
      "stateMutability": "view",
      "type": "function"
    },
    {
      "constant": false,
      "inputs": [
        {
          "internalType": "address",
          "name": "_owner",
          "type": "address"
        },
        {
          "internalType": "address[]",
          "name": "_members",
          "type": "address[]"
        },
        {
          "internalType": "uint256",
          "name": "_honestThreshold",
          "type": "uint256"
        },
        {
          "internalType": "uint256",
          "name": "_memberStake",
          "type": "uint256"
        },
        {
          "internalType": "uint256",
          "name": "_stakeLockDuration",
          "type": "uint256"
        },
        {
          "internalType": "address",
          "name": "_tokenStaking",
          "type": "address"
        },
        {
          "internalType": "address",
          "name": "_keepBonding",
          "type": "address"
        },
        {
          "internalType": "address payable",
          "name": "_keepFactory",
          "type": "address"
        }
      ],
      "name": "initialize",
      "outputs": [],
      "payable": false,
      "stateMutability": "nonpayable",
      "type": "function"
    },
    {
      "constant": true,
      "inputs": [],
      "name": "isActive",
      "outputs": [
        {
          "internalType": "bool",
          "name": "",
          "type": "bool"
        }
      ],
      "payable": false,
      "stateMutability": "view",
      "type": "function"
    },
    {
      "constant": true,
      "inputs": [
        {
          "internalType": "bytes32",
          "name": "_digest",
          "type": "bytes32"
        }
      ],
      "name": "isAwaitingSignature",
      "outputs": [
        {
          "internalType": "bool",
          "name": "",
          "type": "bool"
        }
      ],
      "payable": false,
      "stateMutability": "view",
      "type": "function"
    },
    {
      "constant": true,
      "inputs": [],
      "name": "isClosed",
      "outputs": [
        {
          "internalType": "bool",
          "name": "",
          "type": "bool"
        }
      ],
      "payable": false,
      "stateMutability": "view",
      "type": "function"
    },
    {
      "constant": true,
      "inputs": [],
      "name": "isTerminated",
      "outputs": [
        {
          "internalType": "bool",
          "name": "",
          "type": "bool"
        }
      ],
      "payable": false,
      "stateMutability": "view",
      "type": "function"
    },
    {
      "constant": true,
      "inputs": [],
      "name": "memberStake",
      "outputs": [
        {
          "internalType": "uint256",
          "name": "",
          "type": "uint256"
        }
      ],
      "payable": false,
      "stateMutability": "view",
      "type": "function"
    },
    {
      "constant": true,
      "inputs": [
        {
          "internalType": "uint256",
          "name": "",
          "type": "uint256"
        }
      ],
      "name": "members",
      "outputs": [
        {
          "internalType": "address",
          "name": "",
          "type": "address"
        }
      ],
      "payable": false,
      "stateMutability": "view",
      "type": "function"
    },
    {
      "constant": true,
      "inputs": [],
      "name": "owner",
      "outputs": [
        {
          "internalType": "address",
          "name": "",
          "type": "address"
        }
      ],
      "payable": false,
      "stateMutability": "view",
      "type": "function"
    },
    {
      "constant": true,
      "inputs": [],
      "name": "publicKey",
      "outputs": [
        {
          "internalType": "bytes",
          "name": "",
          "type": "bytes"
        }
      ],
      "payable": false,
      "stateMutability": "view",
      "type": "function"
    },
    {
      "constant": false,
      "inputs": [],
      "name": "returnPartialSignerBonds",
      "outputs": [],
      "payable": true,
      "stateMutability": "payable",
      "type": "function"
    },
    {
      "constant": false,
      "inputs": [],
      "name": "seizeSignerBonds",
      "outputs": [],
      "payable": false,
      "stateMutability": "nonpayable",
      "type": "function"
    },
    {
      "constant": false,
      "inputs": [
        {
          "internalType": "bytes32",
          "name": "_digest",
          "type": "bytes32"
        }
      ],
      "name": "sign",
      "outputs": [],
      "payable": false,
      "stateMutability": "nonpayable",
      "type": "function"
    },
    {
      "constant": false,
      "inputs": [
        {
          "internalType": "bytes",
          "name": "_publicKey",
          "type": "bytes"
        }
      ],
      "name": "submitPublicKey",
      "outputs": [],
      "payable": false,
      "stateMutability": "nonpayable",
      "type": "function"
    },
    {
      "constant": false,
      "inputs": [
        {
          "internalType": "bytes32",
          "name": "_r",
          "type": "bytes32"
        },
        {
          "internalType": "bytes32",
          "name": "_s",
          "type": "bytes32"
        },
        {
          "internalType": "uint8",
          "name": "_recoveryID",
          "type": "uint8"
        }
      ],
      "name": "submitSignature",
      "outputs": [],
      "payable": false,
      "stateMutability": "nonpayable",
      "type": "function"
    },
    {
      "constant": false,
      "inputs": [
        {
          "internalType": "uint8",
          "name": "_v",
          "type": "uint8"
        },
        {
          "internalType": "bytes32",
          "name": "_r",
          "type": "bytes32"
        },
        {
          "internalType": "bytes32",
          "name": "_s",
          "type": "bytes32"
        },
        {
          "internalType": "bytes32",
          "name": "_signedDigest",
          "type": "bytes32"
        },
        {
          "internalType": "bytes",
          "name": "_preimage",
          "type": "bytes"
        }
      ],
      "name": "submitSignatureFraud",
      "outputs": [
        {
          "internalType": "bool",
          "name": "_isFraud",
          "type": "bool"
        }
      ],
      "payable": false,
      "stateMutability": "nonpayable",
      "type": "function"
    },
    {
      "constant": false,
      "inputs": [
        {
          "internalType": "address",
          "name": "_member",
          "type": "address"
        }
      ],
      "name": "withdraw",
      "outputs": [],
      "payable": false,
      "stateMutability": "nonpayable",
      "type": "function"
    }
  ]