[
    {
      "inputs": [],
      "payable": false,
      "stateMutability": "nonpayable",
      "type": "constructor"
    },
    {
      "payable": true,
      "stateMutability": "payable",
      "type": "fallback"
    },
    {
      "constant": true,
      "inputs": [],
      "name": "auctionValue",
      "outputs": [
        {
          "internalType": "uint256",
          "name": "",
          "type": "uint256"
        }
      ],
      "payable": false,
      "stateMutability": "view",
      "type": "function"
    },
    {
      "constant": true,
      "inputs": [],
      "name": "collateralizationPercentage",
      "outputs": [
        {
          "internalType": "uint256",
          "name": "",
          "type": "uint256"
        }
      ],
      "payable": false,
      "stateMutability": "view",
      "type": "function"
    },
    {
      "constant": true,
      "inputs": [],
      "name": "currentState",
      "outputs": [
        {
          "internalType": "uint256",
          "name": "",
          "type": "uint256"
        }
      ],
      "payable": false,
      "stateMutability": "view",
      "type": "function"
    },
    {
      "constant": false,
      "inputs": [],
      "name": "exitCourtesyCall",
      "outputs": [],
      "payable": false,
      "stateMutability": "nonpayable",
      "type": "function"
    },
    {
      "constant": true,
      "inputs": [],
      "name": "fundingInfo",
      "outputs": [
        {
          "internalType": "bytes8",
          "name": "utxoValueBytes",
          "type": "bytes8"
        },
        {
          "internalType": "uint256",
          "name": "fundedAt",
          "type": "uint256"
        },
        {
          "internalType": "bytes",
          "name": "utxoOutpoint",
          "type": "bytes"
        }
      ],
      "payable": false,
      "stateMutability": "view",
      "type": "function"
    },
    {
      "constant": true,
      "inputs": [
        {
          "internalType": "address",
          "name": "_redeemer",
          "type": "address"
        }
      ],
      "name": "getOwnerRedemptionTbtcRequirement",
      "outputs": [
        {
          "internalType": "uint256",
          "name": "",
          "type": "uint256"
        }
      ],
      "payable": false,
      "stateMutability": "view",
      "type": "function"
    },
    {
      "constant": true,
      "inputs": [
        {
          "internalType": "address",
          "name": "_redeemer",
          "type": "address"
        }
      ],
      "name": "getRedemptionTbtcRequirement",
      "outputs": [
        {
          "internalType": "uint256",
          "name": "",
          "type": "uint256"
        }
      ],
      "payable": false,
      "stateMutability": "view",
      "type": "function"
    },
    {
      "constant": true,
      "inputs": [],
      "name": "inActive",
      "outputs": [
        {
          "internalType": "bool",
          "name": "",
          "type": "bool"
        }
      ],
      "payable": false,
      "stateMutability": "view",
      "type": "function"
    },
    {
      "constant": false,
      "inputs": [
        {
          "internalType": "bytes8",
          "name": "_previousOutputValueBytes",
          "type": "bytes8"
        },
        {
          "internalType": "bytes8",
          "name": "_newOutputValueBytes",
          "type": "bytes8"
        }
      ],
      "name": "increaseRedemptionFee",
      "outputs": [],
      "payable": false,
      "stateMutability": "nonpayable",
      "type": "function"
    },
    {
      "constant": true,
      "inputs": [],
      "name": "initialCollateralizedPercent",
      "outputs": [
        {
          "internalType": "uint16",
          "name": "",
          "type": "uint16"
        }
      ],
      "payable": false,
      "stateMutability": "view",
      "type": "function"
    },
    {
      "constant": false,
      "inputs": [
        {
          "internalType": "address",
          "name": "_factory",
          "type": "address"
        }
      ],
      "name": "initialize",
      "outputs": [],
      "payable": false,
      "stateMutability": "nonpayable",
      "type": "function"
    },
    {
      "constant": false,
      "inputs": [
        {
          "internalType": "contract ITBTCSystem",
          "name": "_tbtcSystem",
          "type": "address"
        },
        {
          "internalType": "contract TBTCToken",
          "name": "_tbtcToken",
          "type": "address"
        },
        {
          "internalType": "contract IERC721",
          "name": "_tbtcDepositToken",
          "type": "address"
        },
        {
          "internalType": "contract FeeRebateToken",
          "name": "_feeRebateToken",
          "type": "address"
        },
        {
          "internalType": "address",
          "name": "_vendingMachineAddress",
          "type": "address"
        },
        {
          "internalType": "uint64",
          "name": "_lotSizeSatoshis",
          "type": "uint64"
        }
      ],
      "name": "initializeDeposit",
      "outputs": [],
      "payable": true,
      "stateMutability": "payable",
      "type": "function"
    },
    {
      "constant": true,
      "inputs": [],
      "name": "keepAddress",
      "outputs": [
        {
          "internalType": "address",
          "name": "",
          "type": "address"
        }
      ],
      "payable": false,
      "stateMutability": "view",
      "type": "function"
    },
    {
      "constant": true,
      "inputs": [],
      "name": "lotSizeSatoshis",
      "outputs": [
        {
          "internalType": "uint64",
          "name": "",
          "type": "uint64"
        }
      ],
      "payable": false,
      "stateMutability": "view",
      "type": "function"
    },
    {
      "constant": true,
      "inputs": [],
      "name": "lotSizeTbtc",
      "outputs": [
        {
          "internalType": "uint256",
          "name": "",
          "type": "uint256"
        }
      ],
      "payable": false,
      "stateMutability": "view",
      "type": "function"
    },
    {
      "constant": false,
      "inputs": [],
      "name": "notifyCourtesyCall",
      "outputs": [],
      "payable": false,
      "stateMutability": "nonpayable",
      "type": "function"
    },
    {
      "constant": false,
      "inputs": [],
      "name": "notifyCourtesyCallExpired",
      "outputs": [],
      "payable": false,
      "stateMutability": "nonpayable",
      "type": "function"
    },
    {
      "constant": false,
      "inputs": [],
      "name": "notifyFundingTimedOut",
      "outputs": [],
      "payable": false,
      "stateMutability": "nonpayable",
      "type": "function"
    },
    {
      "constant": false,
      "inputs": [],
      "name": "notifyRedemptionProofTimedOut",
      "outputs": [],
      "payable": false,
      "stateMutability": "nonpayable",
      "type": "function"
    },
    {
      "constant": false,
      "inputs": [],
      "name": "notifyRedemptionSignatureTimedOut",
      "outputs": [],
      "payable": false,
      "stateMutability": "nonpayable",
      "type": "function"
    },
    {
      "constant": false,
      "inputs": [],
      "name": "notifySignerSetupFailed",
      "outputs": [],
      "payable": false,
      "stateMutability": "nonpayable",
      "type": "function"
    },
    {
      "constant": false,
      "inputs": [],
      "name": "notifyUndercollateralizedLiquidation",
      "outputs": [],
      "payable": false,
      "stateMutability": "nonpayable",
      "type": "function"
    },
    {
      "constant": false,
      "inputs": [
        {
          "internalType": "bytes4",
          "name": "_txVersion",
          "type": "bytes4"
        },
        {
          "internalType": "bytes",
          "name": "_txInputVector",
          "type": "bytes"
        },
        {
          "internalType": "bytes",
          "name": "_txOutputVector",
          "type": "bytes"
        },
        {
          "internalType": "bytes4",
          "name": "_txLocktime",
          "type": "bytes4"
        },
        {
          "internalType": "uint8",
          "name": "_fundingOutputIndex",
          "type": "uint8"
        },
        {
          "internalType": "bytes",
          "name": "_merkleProof",
          "type": "bytes"
        },
        {
          "internalType": "uint256",
          "name": "_txIndexInBlock",
          "type": "uint256"
        },
        {
          "internalType": "bytes",
          "name": "_bitcoinHeaders",
          "type": "bytes"
        }
      ],
      "name": "provideBTCFundingProof",
      "outputs": [],
      "payable": false,
      "stateMutability": "nonpayable",
      "type": "function"
    },
    {
      "constant": false,
      "inputs": [
        {
          "internalType": "uint8",
          "name": "_v",
          "type": "uint8"
        },
        {
          "internalType": "bytes32",
          "name": "_r",
          "type": "bytes32"
        },
        {
          "internalType": "bytes32",
          "name": "_s",
          "type": "bytes32"
        },
        {
          "internalType": "bytes32",
          "name": "_signedDigest",
          "type": "bytes32"
        },
        {
          "internalType": "bytes",
          "name": "_preimage",
          "type": "bytes"
        }
      ],
      "name": "provideECDSAFraudProof",
      "outputs": [],
      "payable": false,
      "stateMutability": "nonpayable",
      "type": "function"
    },
    {
      "constant": false,
      "inputs": [
        {
          "internalType": "uint8",
          "name": "_v",
          "type": "uint8"
        },
        {
          "internalType": "bytes32",
          "name": "_r",
          "type": "bytes32"
        },
        {
          "internalType": "bytes32",
          "name": "_s",
          "type": "bytes32"
        },
        {
          "internalType": "bytes32",
          "name": "_signedDigest",
          "type": "bytes32"
        },
        {
          "internalType": "bytes",
          "name": "_preimage",
          "type": "bytes"
        }
      ],
      "name": "provideFundingECDSAFraudProof",
      "outputs": [],
      "payable": false,
      "stateMutability": "nonpayable",
      "type": "function"
    },
    {
      "constant": false,
      "inputs": [
        {
          "internalType": "bytes4",
          "name": "_txVersion",
          "type": "bytes4"
        },
        {
          "internalType": "bytes",
          "name": "_txInputVector",
          "type": "bytes"
        },
        {
          "internalType": "bytes",
          "name": "_txOutputVector",
          "type": "bytes"
        },
        {
          "internalType": "bytes4",
          "name": "_txLocktime",
          "type": "bytes4"
        },
        {
          "internalType": "bytes",
          "name": "_merkleProof",
          "type": "bytes"
        },
        {
          "internalType": "uint256",
          "name": "_txIndexInBlock",
          "type": "uint256"
        },
        {
          "internalType": "bytes",
          "name": "_bitcoinHeaders",
          "type": "bytes"
        }
      ],
      "name": "provideRedemptionProof",
      "outputs": [],
      "payable": false,
      "stateMutability": "nonpayable",
      "type": "function"
    },
    {
      "constant": false,
      "inputs": [
        {
          "internalType": "uint8",
          "name": "_v",
          "type": "uint8"
        },
        {
          "internalType": "bytes32",
          "name": "_r",
          "type": "bytes32"
        },
        {
          "internalType": "bytes32",
          "name": "_s",
          "type": "bytes32"
        }
      ],
      "name": "provideRedemptionSignature",
      "outputs": [],
      "payable": false,
      "stateMutability": "nonpayable",
      "type": "function"
    },
    {
      "constant": false,
      "inputs": [],
      "name": "purchaseSignerBondsAtAuction",
      "outputs": [],
      "payable": false,
      "stateMutability": "nonpayable",
      "type": "function"
    },
    {
      "constant": true,
      "inputs": [],
      "name": "remainingTerm",
      "outputs": [
        {
          "internalType": "uint256",
          "name": "",
          "type": "uint256"
        }
      ],
      "payable": false,
      "stateMutability": "view",
      "type": "function"
    },
    {
      "constant": false,
      "inputs": [
        {
          "internalType": "bytes",
          "name": "_abortOutputScript",
          "type": "bytes"
        }
      ],
      "name": "requestFunderAbort",
      "outputs": [],
      "payable": false,
      "stateMutability": "nonpayable",
      "type": "function"
    },
    {
      "constant": false,
      "inputs": [
        {
          "internalType": "bytes8",
          "name": "_outputValueBytes",
          "type": "bytes8"
        },
        {
          "internalType": "bytes",
          "name": "_redeemerOutputScript",
          "type": "bytes"
        }
      ],
      "name": "requestRedemption",
      "outputs": [],
      "payable": false,
      "stateMutability": "nonpayable",
      "type": "function"
    },
    {
      "constant": false,
      "inputs": [],
      "name": "retrieveSignerPubkey",
      "outputs": [],
      "payable": false,
      "stateMutability": "nonpayable",
      "type": "function"
    },
    {
      "constant": true,
      "inputs": [],
      "name": "severelyUndercollateralizedThresholdPercent",
      "outputs": [
        {
          "internalType": "uint16",
          "name": "",
          "type": "uint16"
        }
      ],
      "payable": false,
      "stateMutability": "view",
      "type": "function"
    },
    {
      "constant": true,
      "inputs": [],
      "name": "signerFeeTbtc",
      "outputs": [
        {
          "internalType": "uint256",
          "name": "",
          "type": "uint256"
        }
      ],
      "payable": false,
      "stateMutability": "view",
      "type": "function"
    },
    {
      "constant": false,
      "inputs": [
        {
          "internalType": "bytes8",
          "name": "_outputValueBytes",
          "type": "bytes8"
        },
        {
          "internalType": "bytes",
          "name": "_redeemerOutputScript",
          "type": "bytes"
        },
        {
          "internalType": "address payable",
          "name": "_finalRecipient",
          "type": "address"
        }
      ],
      "name": "transferAndRequestRedemption",
      "outputs": [],
      "payable": false,
      "stateMutability": "nonpayable",
      "type": "function"
    },
    {
      "constant": true,
      "inputs": [],
      "name": "undercollateralizedThresholdPercent",
      "outputs": [
        {
          "internalType": "uint16",
          "name": "",
          "type": "uint16"
        }
      ],
      "payable": false,
      "stateMutability": "view",
      "type": "function"
    },
    {
      "constant": true,
      "inputs": [],
      "name": "utxoValue",
      "outputs": [
        {
          "internalType": "uint256",
          "name": "",
          "type": "uint256"
        }
      ],
      "payable": false,
      "stateMutability": "view",
      "type": "function"
    },
    {
      "constant": false,
      "inputs": [],
      "name": "withdrawFunds",
      "outputs": [],
      "payable": false,
      "stateMutability": "nonpayable",
      "type": "function"
    },
    {
      "constant": true,
      "inputs": [],
      "name": "withdrawableAmount",
      "outputs": [
        {
          "internalType": "uint256",
          "name": "",
          "type": "uint256"
        }
      ],
      "payable": false,
      "stateMutability": "view",
      "type": "function"
    }
  ]