[
  {
    "inputs": [
      {
        "internalType": "address",
        "name": "registryAddress",
        "type": "address"
      },
      {
        "internalType": "address",
        "name": "tokenStakingAddress",
        "type": "address"
      },
      {
        "internalType": "address",
        "name": "tokenGrantAddress",
        "type": "address"
      }
    ],
    "payable": false,
    "stateMutability": "nonpayable",
    "type": "constructor"
  },
  {
    "anonymous": false,
    "inputs": [
      {
        "indexed": true,
        "internalType": "address",
        "name": "operator",
        "type": "address"
      },
      {
        "indexed": true,
        "internalType": "address",
        "name": "holder",
        "type": "address"
      },
      {
        "indexed": true,
        "internalType": "address",
        "name": "sortitionPool",
        "type": "address"
      },
      {
        "indexed": false,
        "internalType": "uint256",
        "name": "referenceID",
        "type": "uint256"
      },
      {
        "indexed": false,
        "internalType": "uint256",
        "name": "amount",
        "type": "uint256"
      }
    ],
    "name": "BondCreated",
    "type": "event"
  },
  {
    "anonymous": false,
    "inputs": [
      {
        "indexed": true,
        "internalType": "address",
        "name": "operator",
        "type": "address"
      },
      {
        "indexed": true,
        "internalType": "uint256",
        "name": "referenceID",
        "type": "uint256"
      },
      {
        "indexed": false,
        "internalType": "address",
        "name": "newHolder",
        "type": "address"
      },
      {
        "indexed": false,
        "internalType": "uint256",
        "name": "newReferenceID",
        "type": "uint256"
      }
    ],
    "name": "BondReassigned",
    "type": "event"
  },
  {
    "anonymous": false,
    "inputs": [
      {
        "indexed": true,
        "internalType": "address",
        "name": "operator",
        "type": "address"
      },
      {
        "indexed": true,
        "internalType": "uint256",
        "name": "referenceID",
        "type": "uint256"
      }
    ],
    "name": "BondReleased",
    "type": "event"
  },
  {
    "anonymous": false,
    "inputs": [
      {
        "indexed": true,
        "internalType": "address",
        "name": "operator",
        "type": "address"
      },
      {
        "indexed": true,
        "internalType": "uint256",
        "name": "referenceID",
        "type": "uint256"
      },
      {
        "indexed": false,
        "internalType": "address",
        "name": "destination",
        "type": "address"
      },
      {
        "indexed": false,
        "internalType": "uint256",
        "name": "amount",
        "type": "uint256"
      }
    ],
    "name": "BondSeized",
    "type": "event"
  },
  {
    "anonymous": false,
    "inputs": [
      {
        "indexed": true,
        "internalType": "address",
        "name": "operator",
        "type": "address"
      },
      {
        "indexed": true,
        "internalType": "address",
        "name": "beneficiary",
        "type": "address"
      },
      {
        "indexed": false,
        "internalType": "uint256",
        "name": "amount",
        "type": "uint256"
      }
    ],
    "name": "UnbondedValueDeposited",
    "type": "event"
  },
  {
    "anonymous": false,
    "inputs": [
      {
        "indexed": true,
        "internalType": "address",
        "name": "operator",
        "type": "address"
      },
      {
        "indexed": true,
        "internalType": "address",
        "name": "beneficiary",
        "type": "address"
      },
      {
        "indexed": false,
        "internalType": "uint256",
        "name": "amount",
        "type": "uint256"
      }
    ],
    "name": "UnbondedValueWithdrawn",
    "type": "event"
  },
  {
    "constant": false,
    "inputs": [
      { "internalType": "address", "name": "_operator", "type": "address" },
      { "internalType": "address", "name": "_poolAddress", "type": "address" }
    ],
    "name": "authorizeSortitionPoolContract",
    "outputs": [],
    "payable": false,
    "stateMutability": "nonpayable",
    "type": "function"
  },
  {
    "constant": true,
    "inputs": [
      { "internalType": "address", "name": "_operator", "type": "address" }
    ],
    "name": "authorizerOf",
    "outputs": [{ "internalType": "address", "name": "", "type": "address" }],
    "payable": false,
    "stateMutability": "view",
    "type": "function"
  },
  {
    "constant": true,
    "inputs": [
      { "internalType": "address", "name": "operator", "type": "address" },
      { "internalType": "address", "name": "bondCreator", "type": "address" },
      {
        "internalType": "address",
        "name": "authorizedSortitionPool",
        "type": "address"
      }
    ],
    "name": "availableUnbondedValue",
    "outputs": [{ "internalType": "uint256", "name": "", "type": "uint256" }],
    "payable": false,
    "stateMutability": "view",
    "type": "function"
  },
  {
    "constant": true,
    "inputs": [
      { "internalType": "address", "name": "_operator", "type": "address" }
    ],
    "name": "beneficiaryOf",
    "outputs": [
      { "internalType": "address payable", "name": "", "type": "address" }
    ],
    "payable": false,
    "stateMutability": "view",
    "type": "function"
  },
  {
    "constant": true,
    "inputs": [
      { "internalType": "address", "name": "operator", "type": "address" },
      { "internalType": "address", "name": "holder", "type": "address" },
      { "internalType": "uint256", "name": "referenceID", "type": "uint256" }
    ],
    "name": "bondAmount",
    "outputs": [{ "internalType": "uint256", "name": "", "type": "uint256" }],
    "payable": false,
    "stateMutability": "view",
    "type": "function"
  },
  {
    "constant": false,
    "inputs": [
      { "internalType": "address", "name": "operator", "type": "address" },
      { "internalType": "address", "name": "holder", "type": "address" },
      { "internalType": "uint256", "name": "referenceID", "type": "uint256" },
      { "internalType": "uint256", "name": "amount", "type": "uint256" },
      {
        "internalType": "address",
        "name": "authorizedSortitionPool",
        "type": "address"
      }
    ],
    "name": "createBond",
    "outputs": [],
    "payable": false,
    "stateMutability": "nonpayable",
    "type": "function"
  },
  {
    "constant": false,
    "inputs": [
      { "internalType": "address", "name": "_operator", "type": "address" },
      { "internalType": "address", "name": "_poolAddress", "type": "address" }
    ],
    "name": "deauthorizeSortitionPoolContract",
    "outputs": [],
    "payable": false,
    "stateMutability": "nonpayable",
    "type": "function"
  },
  {
    "constant": false,
    "inputs": [
      { "internalType": "address", "name": "operator", "type": "address" }
    ],
    "name": "deposit",
    "outputs": [],
    "payable": true,
    "stateMutability": "payable",
    "type": "function"
  },
  {
    "constant": false,
    "inputs": [
      { "internalType": "address", "name": "operator", "type": "address" },
      { "internalType": "uint256", "name": "referenceID", "type": "uint256" }
    ],
    "name": "freeBond",
    "outputs": [],
    "payable": false,
    "stateMutability": "nonpayable",
    "type": "function"
  },
  {
    "constant": true,
    "inputs": [
      { "internalType": "address", "name": "_operator", "type": "address" },
      { "internalType": "address", "name": "_poolAddress", "type": "address" }
    ],
    "name": "hasSecondaryAuthorization",
    "outputs": [{ "internalType": "bool", "name": "", "type": "bool" }],
    "payable": false,
    "stateMutability": "view",
    "type": "function"
  },
  {
    "constant": true,
    "inputs": [
      { "internalType": "address", "name": "_operator", "type": "address" },
      {
        "internalType": "address",
        "name": "_operatorContract",
        "type": "address"
      }
    ],
    "name": "isAuthorizedForOperator",
    "outputs": [{ "internalType": "bool", "name": "", "type": "bool" }],
    "payable": false,
    "stateMutability": "view",
    "type": "function"
  },
  {
    "constant": false,
    "inputs": [
      { "internalType": "address", "name": "operator", "type": "address" },
      { "internalType": "uint256", "name": "referenceID", "type": "uint256" },
      { "internalType": "address", "name": "newHolder", "type": "address" },
      { "internalType": "uint256", "name": "newReferenceID", "type": "uint256" }
    ],
    "name": "reassignBond",
    "outputs": [],
    "payable": false,
    "stateMutability": "nonpayable",
    "type": "function"
  },
  {
    "constant": false,
    "inputs": [
      { "internalType": "address", "name": "operator", "type": "address" },
      { "internalType": "uint256", "name": "referenceID", "type": "uint256" },
      { "internalType": "uint256", "name": "amount", "type": "uint256" },
      {
        "internalType": "address payable",
        "name": "destination",
        "type": "address"
      }
    ],
    "name": "seizeBond",
    "outputs": [],
    "payable": false,
    "stateMutability": "nonpayable",
    "type": "function"
  },
  {
    "constant": true,
    "inputs": [{ "internalType": "address", "name": "", "type": "address" }],
    "name": "unbondedValue",
    "outputs": [{ "internalType": "uint256", "name": "", "type": "uint256" }],
    "payable": false,
    "stateMutability": "view",
    "type": "function"
  },
  {
    "constant": false,
    "inputs": [
      { "internalType": "uint256", "name": "amount", "type": "uint256" },
      { "internalType": "address", "name": "operator", "type": "address" }
    ],
    "name": "withdraw",
    "outputs": [],
    "payable": false,
    "stateMutability": "nonpayable",
    "type": "function"
  },
  {
    "constant": false,
    "inputs": [
      { "internalType": "uint256", "name": "amount", "type": "uint256" },
      { "internalType": "address", "name": "operator", "type": "address" },
      { "internalType": "address", "name": "managedGrant", "type": "address" }
    ],
    "name": "withdrawAsManagedGrantee",
    "outputs": [],
    "payable": false,
    "stateMutability": "nonpayable",
    "type": "function"
  }
]