[
  {
    "inputs": [
      {
        "internalType": "contract ERC20Burnable",
        "name": "_token",
        "type": "address"
      },
      {
        "internalType": "contract TokenGrant",
        "name": "_tokenGrant",
        "type": "address"
      },
      {
        "internalType": "contract TokenStakingEscrow",
        "name": "_escrow",
        "type": "address"
      },
      {
        "internalType": "contract KeepRegistry",
        "name": "_registry",
        "type": "address"
      },
      {
        "internalType": "uint256",
        "name": "_initializationPeriod",
        "type": "uint256"
      }
    ],
    "payable": false,
    "stateMutability": "nonpayable",
    "type": "constructor"
  },
  {
    "anonymous": false,
    "inputs": [
      {
        "indexed": true,
        "internalType": "address",
        "name": "operator",
        "type": "address"
      },
      {
        "indexed": false,
        "internalType": "address",
        "name": "lockCreator",
        "type": "address"
      }
    ],
    "name": "ExpiredLockReleased",
    "type": "event"
  },
  {
    "anonymous": false,
    "inputs": [
      {
        "indexed": true,
        "internalType": "address",
        "name": "operator",
        "type": "address"
      },
      {
        "indexed": false,
        "internalType": "address",
        "name": "lockCreator",
        "type": "address"
      }
    ],
    "name": "LockReleased",
    "type": "event"
  },
  {
    "anonymous": false,
    "inputs": [
      {
        "indexed": true,
        "internalType": "address",
        "name": "operator",
        "type": "address"
      },
      {
        "indexed": true,
        "internalType": "address",
        "name": "beneficiary",
        "type": "address"
      },
      {
        "indexed": true,
        "internalType": "address",
        "name": "authorizer",
        "type": "address"
      },
      {
        "indexed": false,
        "internalType": "uint256",
        "name": "value",
        "type": "uint256"
      }
    ],
    "name": "OperatorStaked",
    "type": "event"
  },
  {
    "anonymous": false,
    "inputs": [
      {
        "indexed": false,
        "internalType": "address",
        "name": "operator",
        "type": "address"
      }
    ],
    "name": "RecoveredStake",
    "type": "event"
  },
  {
    "anonymous": false,
    "inputs": [
      {
        "indexed": true,
        "internalType": "address",
        "name": "owner",
        "type": "address"
      },
      {
        "indexed": true,
        "internalType": "address",
        "name": "operator",
        "type": "address"
      }
    ],
    "name": "StakeDelegated",
    "type": "event"
  },
  {
    "anonymous": false,
    "inputs": [
      {
        "indexed": true,
        "internalType": "address",
        "name": "operator",
        "type": "address"
      },
      {
        "indexed": false,
        "internalType": "address",
        "name": "lockCreator",
        "type": "address"
      },
      {
        "indexed": false,
        "internalType": "uint256",
        "name": "until",
        "type": "uint256"
      }
    ],
    "name": "StakeLocked",
    "type": "event"
  },
  {
    "anonymous": false,
    "inputs": [
      {
        "indexed": true,
        "internalType": "address",
        "name": "operator",
        "type": "address"
      },
      {
        "indexed": true,
        "internalType": "address",
        "name": "newOwner",
        "type": "address"
      }
    ],
    "name": "StakeOwnershipTransferred",
    "type": "event"
  },
  {
    "anonymous": false,
    "inputs": [
      {
        "indexed": true,
        "internalType": "address",
        "name": "operator",
        "type": "address"
      },
      {
        "indexed": false,
        "internalType": "uint256",
        "name": "amount",
        "type": "uint256"
      }
    ],
    "name": "TokensSeized",
    "type": "event"
  },
  {
    "anonymous": false,
    "inputs": [
      {
        "indexed": true,
        "internalType": "address",
        "name": "operator",
        "type": "address"
      },
      {
        "indexed": false,
        "internalType": "uint256",
        "name": "amount",
        "type": "uint256"
      }
    ],
    "name": "TokensSlashed",
    "type": "event"
  },
  {
    "anonymous": false,
    "inputs": [
      {
        "indexed": true,
        "internalType": "address",
        "name": "operator",
        "type": "address"
      },
      {
        "indexed": false,
        "internalType": "uint256",
        "name": "newAmount",
        "type": "uint256"
      }
    ],
    "name": "TopUpCompleted",
    "type": "event"
  },
  {
    "anonymous": false,
    "inputs": [
      {
        "indexed": true,
        "internalType": "address",
        "name": "operator",
        "type": "address"
      },
      {
        "indexed": false,
        "internalType": "uint256",
        "name": "topUp",
        "type": "uint256"
      }
    ],
    "name": "TopUpInitiated",
    "type": "event"
  },
  {
    "anonymous": false,
    "inputs": [
      {
        "indexed": true,
        "internalType": "address",
        "name": "operator",
        "type": "address"
      },
      {
        "indexed": false,
        "internalType": "uint256",
        "name": "undelegatedAt",
        "type": "uint256"
      }
    ],
    "name": "Undelegated",
    "type": "event"
  },
  {
    "constant": true,
    "inputs": [
      { "internalType": "address", "name": "_operator", "type": "address" },
      {
        "internalType": "address",
        "name": "_operatorContract",
        "type": "address"
      }
    ],
    "name": "activeStake",
    "outputs": [
      { "internalType": "uint256", "name": "balance", "type": "uint256" }
    ],
    "payable": false,
    "stateMutability": "view",
    "type": "function"
  },
  {
    "constant": false,
    "inputs": [
      { "internalType": "address", "name": "_operator", "type": "address" },
      {
        "internalType": "address",
        "name": "_operatorContract",
        "type": "address"
      }
    ],
    "name": "authorizeOperatorContract",
    "outputs": [],
    "payable": false,
    "stateMutability": "nonpayable",
    "type": "function"
  },
  {
    "constant": true,
    "inputs": [
      { "internalType": "address", "name": "_operator", "type": "address" }
    ],
    "name": "authorizerOf",
    "outputs": [{ "internalType": "address", "name": "", "type": "address" }],
    "payable": false,
    "stateMutability": "view",
    "type": "function"
  },
  {
    "constant": true,
    "inputs": [
      { "internalType": "address", "name": "_address", "type": "address" }
    ],
    "name": "balanceOf",
    "outputs": [
      { "internalType": "uint256", "name": "balance", "type": "uint256" }
    ],
    "payable": false,
    "stateMutability": "view",
    "type": "function"
  },
  {
    "constant": true,
    "inputs": [
      { "internalType": "address", "name": "_operator", "type": "address" }
    ],
    "name": "beneficiaryOf",
    "outputs": [
      { "internalType": "address payable", "name": "", "type": "address" }
    ],
    "payable": false,
    "stateMutability": "view",
    "type": "function"
  },
  {
    "constant": false,
    "inputs": [
      { "internalType": "address", "name": "_operator", "type": "address" }
    ],
    "name": "cancelStake",
    "outputs": [],
    "payable": false,
    "stateMutability": "nonpayable",
    "type": "function"
  },
  {
    "constant": false,
    "inputs": [
      {
        "internalType": "address",
        "name": "delegatedAuthoritySource",
        "type": "address"
      }
    ],
    "name": "claimDelegatedAuthority",
    "outputs": [],
    "payable": false,
    "stateMutability": "nonpayable",
    "type": "function"
  },
  {
    "constant": false,
    "inputs": [
      { "internalType": "address", "name": "_operator", "type": "address" }
    ],
    "name": "commitTopUp",
    "outputs": [],
    "payable": false,
    "stateMutability": "nonpayable",
    "type": "function"
  },
  {
    "constant": true,
    "inputs": [],
    "name": "deployedAt",
    "outputs": [{ "internalType": "uint256", "name": "", "type": "uint256" }],
    "payable": false,
    "stateMutability": "view",
    "type": "function"
  },
  {
    "constant": true,
    "inputs": [
      { "internalType": "address", "name": "_operator", "type": "address" },
      {
        "internalType": "address",
        "name": "_operatorContract",
        "type": "address"
      }
    ],
    "name": "eligibleStake",
    "outputs": [
      { "internalType": "uint256", "name": "balance", "type": "uint256" }
    ],
    "payable": false,
    "stateMutability": "view",
    "type": "function"
  },
  {
    "constant": true,
    "inputs": [
      {
        "internalType": "address",
        "name": "operatorContract",
        "type": "address"
      }
    ],
    "name": "getAuthoritySource",
    "outputs": [{ "internalType": "address", "name": "", "type": "address" }],
    "payable": false,
    "stateMutability": "view",
    "type": "function"
  },
  {
    "constant": true,
    "inputs": [
      { "internalType": "address", "name": "_operator", "type": "address" }
    ],
    "name": "getDelegationInfo",
    "outputs": [
      { "internalType": "uint256", "name": "amount", "type": "uint256" },
      { "internalType": "uint256", "name": "createdAt", "type": "uint256" },
      { "internalType": "uint256", "name": "undelegatedAt", "type": "uint256" }
    ],
    "payable": false,
    "stateMutability": "view",
    "type": "function"
  },
  {
    "constant": true,
    "inputs": [
      { "internalType": "address", "name": "operator", "type": "address" }
    ],
    "name": "getLocks",
    "outputs": [
      { "internalType": "address[]", "name": "creators", "type": "address[]" },
      {
        "internalType": "uint256[]",
        "name": "expirations",
        "type": "uint256[]"
      }
    ],
    "payable": false,
    "stateMutability": "view",
    "type": "function"
  },
  {
    "constant": true,
    "inputs": [
      { "internalType": "address", "name": "staker", "type": "address" },
      {
        "internalType": "address",
        "name": "operatorContract",
        "type": "address"
      }
    ],
    "name": "hasMinimumStake",
    "outputs": [{ "internalType": "bool", "name": "", "type": "bool" }],
    "payable": false,
    "stateMutability": "view",
    "type": "function"
  },
  {
    "constant": true,
    "inputs": [],
    "name": "initializationPeriod",
    "outputs": [{ "internalType": "uint256", "name": "", "type": "uint256" }],
    "payable": false,
    "stateMutability": "view",
    "type": "function"
  },
  {
    "constant": true,
    "inputs": [
      {
        "internalType": "address",
        "name": "_operatorContract",
        "type": "address"
      }
    ],
    "name": "isApprovedOperatorContract",
    "outputs": [{ "internalType": "bool", "name": "", "type": "bool" }],
    "payable": false,
    "stateMutability": "view",
    "type": "function"
  },
  {
    "constant": true,
    "inputs": [
      { "internalType": "address", "name": "_operator", "type": "address" },
      {
        "internalType": "address",
        "name": "_operatorContract",
        "type": "address"
      }
    ],
    "name": "isAuthorizedForOperator",
    "outputs": [{ "internalType": "bool", "name": "", "type": "bool" }],
    "payable": false,
    "stateMutability": "view",
    "type": "function"
  },
  {
    "constant": true,
    "inputs": [
      { "internalType": "address", "name": "operator", "type": "address" }
    ],
    "name": "isStakeLocked",
    "outputs": [{ "internalType": "bool", "name": "", "type": "bool" }],
    "payable": false,
    "stateMutability": "view",
    "type": "function"
  },
  {
    "constant": false,
    "inputs": [
      { "internalType": "address", "name": "operator", "type": "address" },
      { "internalType": "uint256", "name": "duration", "type": "uint256" }
    ],
    "name": "lockStake",
    "outputs": [],
    "payable": false,
    "stateMutability": "nonpayable",
    "type": "function"
  },
  {
    "constant": true,
    "inputs": [],
    "name": "minimumStake",
    "outputs": [{ "internalType": "uint256", "name": "", "type": "uint256" }],
    "payable": false,
    "stateMutability": "view",
    "type": "function"
  },
  {
    "constant": true,
    "inputs": [
      { "internalType": "address", "name": "_operator", "type": "address" }
    ],
    "name": "ownerOf",
    "outputs": [{ "internalType": "address", "name": "", "type": "address" }],
    "payable": false,
    "stateMutability": "view",
    "type": "function"
  },
  {
    "constant": false,
    "inputs": [
      { "internalType": "address", "name": "_from", "type": "address" },
      { "internalType": "uint256", "name": "_value", "type": "uint256" },
      { "internalType": "address", "name": "_token", "type": "address" },
      { "internalType": "bytes", "name": "_extraData", "type": "bytes" }
    ],
    "name": "receiveApproval",
    "outputs": [],
    "payable": false,
    "stateMutability": "nonpayable",
    "type": "function"
  },
  {
    "constant": false,
    "inputs": [
      { "internalType": "address", "name": "_operator", "type": "address" }
    ],
    "name": "recoverStake",
    "outputs": [],
    "payable": false,
    "stateMutability": "nonpayable",
    "type": "function"
  },
  {
    "constant": false,
    "inputs": [
      { "internalType": "address", "name": "operator", "type": "address" },
      {
        "internalType": "address",
        "name": "operatorContract",
        "type": "address"
      }
    ],
    "name": "releaseExpiredLock",
    "outputs": [],
    "payable": false,
    "stateMutability": "nonpayable",
    "type": "function"
  },
  {
    "constant": false,
    "inputs": [
      { "internalType": "uint256", "name": "amountToSeize", "type": "uint256" },
      {
        "internalType": "uint256",
        "name": "rewardMultiplier",
        "type": "uint256"
      },
      { "internalType": "address", "name": "tattletale", "type": "address" },
      {
        "internalType": "address[]",
        "name": "misbehavedOperators",
        "type": "address[]"
      }
    ],
    "name": "seize",
    "outputs": [],
    "payable": false,
    "stateMutability": "nonpayable",
    "type": "function"
  },
  {
    "constant": false,
    "inputs": [
      { "internalType": "uint256", "name": "amountToSlash", "type": "uint256" },
      {
        "internalType": "address[]",
        "name": "misbehavedOperators",
        "type": "address[]"
      }
    ],
    "name": "slash",
    "outputs": [],
    "payable": false,
    "stateMutability": "nonpayable",
    "type": "function"
  },
  {
    "constant": false,
    "inputs": [
      { "internalType": "address", "name": "operator", "type": "address" },
      { "internalType": "address", "name": "newOwner", "type": "address" }
    ],
    "name": "transferStakeOwnership",
    "outputs": [],
    "payable": false,
    "stateMutability": "nonpayable",
    "type": "function"
  },
  {
    "constant": false,
    "inputs": [
      { "internalType": "address", "name": "_operator", "type": "address" }
    ],
    "name": "undelegate",
    "outputs": [],
    "payable": false,
    "stateMutability": "nonpayable",
    "type": "function"
  },
  {
    "constant": false,
    "inputs": [
      { "internalType": "address", "name": "_operator", "type": "address" },
      {
        "internalType": "uint256",
        "name": "_undelegationTimestamp",
        "type": "uint256"
      }
    ],
    "name": "undelegateAt",
    "outputs": [],
    "payable": false,
    "stateMutability": "nonpayable",
    "type": "function"
  },
  {
    "constant": true,
    "inputs": [],
    "name": "undelegationPeriod",
    "outputs": [{ "internalType": "uint256", "name": "", "type": "uint256" }],
    "payable": false,
    "stateMutability": "view",
    "type": "function"
  },
  {
    "constant": false,
    "inputs": [
      { "internalType": "address", "name": "operator", "type": "address" }
    ],
    "name": "unlockStake",
    "outputs": [],
    "payable": false,
    "stateMutability": "nonpayable",
    "type": "function"
  }
]