[
  {
    "inputs": [
      { "internalType": "address", "name": "_tokenAddress", "type": "address" }
    ],
    "payable": false,
    "stateMutability": "nonpayable",
    "type": "constructor"
  },
  {
    "anonymous": false,
    "inputs": [
      {
        "indexed": true,
        "internalType": "address",
        "name": "grantManager",
        "type": "address"
      },
      {
        "indexed": false,
        "internalType": "address",
        "name": "stakingContract",
        "type": "address"
      }
    ],
    "name": "StakingContractAuthorized",
    "type": "event"
  },
  {
    "anonymous": false,
    "inputs": [
      {
        "indexed": false,
        "internalType": "uint256",
        "name": "id",
        "type": "uint256"
      }
    ],
    "name": "TokenGrantCreated",
    "type": "event"
  },
  {
    "anonymous": false,
    "inputs": [
      {
        "indexed": false,
        "internalType": "uint256",
        "name": "id",
        "type": "uint256"
      }
    ],
    "name": "TokenGrantRevoked",
    "type": "event"
  },
  {
    "anonymous": false,
    "inputs": [
      {
        "indexed": true,
        "internalType": "uint256",
        "name": "grantId",
        "type": "uint256"
      },
      {
        "indexed": false,
        "internalType": "uint256",
        "name": "amount",
        "type": "uint256"
      },
      {
        "indexed": false,
        "internalType": "address",
        "name": "operator",
        "type": "address"
      }
    ],
    "name": "TokenGrantStaked",
    "type": "event"
  },
  {
    "anonymous": false,
    "inputs": [
      {
        "indexed": true,
        "internalType": "uint256",
        "name": "grantId",
        "type": "uint256"
      },
      {
        "indexed": false,
        "internalType": "uint256",
        "name": "amount",
        "type": "uint256"
      }
    ],
    "name": "TokenGrantWithdrawn",
    "type": "event"
  },
  {
    "constant": false,
    "inputs": [
      {
        "internalType": "address",
        "name": "_stakingContract",
        "type": "address"
      }
    ],
    "name": "authorizeStakingContract",
    "outputs": [],
    "payable": false,
    "stateMutability": "nonpayable",
    "type": "function"
  },
  {
    "constant": true,
    "inputs": [
      { "internalType": "uint256", "name": "_grantId", "type": "uint256" }
    ],
    "name": "availableToStake",
    "outputs": [{ "internalType": "uint256", "name": "", "type": "uint256" }],
    "payable": false,
    "stateMutability": "view",
    "type": "function"
  },
  {
    "constant": true,
    "inputs": [
      { "internalType": "address", "name": "_owner", "type": "address" }
    ],
    "name": "balanceOf",
    "outputs": [
      { "internalType": "uint256", "name": "balance", "type": "uint256" }
    ],
    "payable": false,
    "stateMutability": "view",
    "type": "function"
  },
  {
    "constant": true,
    "inputs": [{ "internalType": "address", "name": "", "type": "address" }],
    "name": "balances",
    "outputs": [{ "internalType": "uint256", "name": "", "type": "uint256" }],
    "payable": false,
    "stateMutability": "view",
    "type": "function"
  },
  {
    "constant": false,
    "inputs": [
      { "internalType": "address", "name": "_operator", "type": "address" }
    ],
    "name": "cancelRevokedStake",
    "outputs": [],
    "payable": false,
    "stateMutability": "nonpayable",
    "type": "function"
  },
  {
    "constant": false,
    "inputs": [
      { "internalType": "address", "name": "_operator", "type": "address" }
    ],
    "name": "cancelStake",
    "outputs": [],
    "payable": false,
    "stateMutability": "nonpayable",
    "type": "function"
  },
  {
    "constant": true,
    "inputs": [{ "internalType": "uint256", "name": "_id", "type": "uint256" }],
    "name": "getGrant",
    "outputs": [
      { "internalType": "uint256", "name": "amount", "type": "uint256" },
      { "internalType": "uint256", "name": "withdrawn", "type": "uint256" },
      { "internalType": "uint256", "name": "staked", "type": "uint256" },
      { "internalType": "uint256", "name": "revokedAmount", "type": "uint256" },
      { "internalType": "uint256", "name": "revokedAt", "type": "uint256" },
      { "internalType": "address", "name": "grantee", "type": "address" }
    ],
    "payable": false,
    "stateMutability": "view",
    "type": "function"
  },
  {
    "constant": true,
    "inputs": [
      { "internalType": "address", "name": "operator", "type": "address" }
    ],
    "name": "getGrantStakeDetails",
    "outputs": [
      { "internalType": "uint256", "name": "grantId", "type": "uint256" },
      { "internalType": "uint256", "name": "amount", "type": "uint256" },
      {
        "internalType": "address",
        "name": "stakingContract",
        "type": "address"
      }
    ],
    "payable": false,
    "stateMutability": "view",
    "type": "function"
  },
  {
    "constant": true,
    "inputs": [{ "internalType": "uint256", "name": "_id", "type": "uint256" }],
    "name": "getGrantUnlockingSchedule",
    "outputs": [
      { "internalType": "address", "name": "grantManager", "type": "address" },
      { "internalType": "uint256", "name": "duration", "type": "uint256" },
      { "internalType": "uint256", "name": "start", "type": "uint256" },
      { "internalType": "uint256", "name": "cliff", "type": "uint256" },
      { "internalType": "address", "name": "policy", "type": "address" }
    ],
    "payable": false,
    "stateMutability": "view",
    "type": "function"
  },
  {
    "constant": true,
    "inputs": [
      { "internalType": "address", "name": "grantee", "type": "address" }
    ],
    "name": "getGranteeOperators",
    "outputs": [
      { "internalType": "address[]", "name": "", "type": "address[]" }
    ],
    "payable": false,
    "stateMutability": "view",
    "type": "function"
  },
  {
    "constant": true,
    "inputs": [
      {
        "internalType": "address",
        "name": "_granteeOrGrantManager",
        "type": "address"
      }
    ],
    "name": "getGrants",
    "outputs": [
      { "internalType": "uint256[]", "name": "", "type": "uint256[]" }
    ],
    "payable": false,
    "stateMutability": "view",
    "type": "function"
  },
  {
    "constant": true,
    "inputs": [
      { "internalType": "address", "name": "", "type": "address" },
      { "internalType": "uint256", "name": "", "type": "uint256" }
    ],
    "name": "grantIndices",
    "outputs": [{ "internalType": "uint256", "name": "", "type": "uint256" }],
    "payable": false,
    "stateMutability": "view",
    "type": "function"
  },
  {
    "constant": true,
    "inputs": [{ "internalType": "address", "name": "", "type": "address" }],
    "name": "grantStakes",
    "outputs": [
      {
        "internalType": "contract TokenGrantStake",
        "name": "",
        "type": "address"
      }
    ],
    "payable": false,
    "stateMutability": "view",
    "type": "function"
  },
  {
    "constant": true,
    "inputs": [
      { "internalType": "address", "name": "", "type": "address" },
      { "internalType": "uint256", "name": "", "type": "uint256" }
    ],
    "name": "granteesToOperators",
    "outputs": [{ "internalType": "address", "name": "", "type": "address" }],
    "payable": false,
    "stateMutability": "view",
    "type": "function"
  },
  {
    "constant": true,
    "inputs": [{ "internalType": "uint256", "name": "", "type": "uint256" }],
    "name": "grants",
    "outputs": [
      { "internalType": "address", "name": "grantManager", "type": "address" },
      { "internalType": "address", "name": "grantee", "type": "address" },
      { "internalType": "uint256", "name": "revokedAt", "type": "uint256" },
      { "internalType": "uint256", "name": "revokedAmount", "type": "uint256" },
      {
        "internalType": "uint256",
        "name": "revokedWithdrawn",
        "type": "uint256"
      },
      { "internalType": "bool", "name": "revocable", "type": "bool" },
      { "internalType": "uint256", "name": "amount", "type": "uint256" },
      { "internalType": "uint256", "name": "duration", "type": "uint256" },
      { "internalType": "uint256", "name": "start", "type": "uint256" },
      { "internalType": "uint256", "name": "cliff", "type": "uint256" },
      { "internalType": "uint256", "name": "withdrawn", "type": "uint256" },
      { "internalType": "uint256", "name": "staked", "type": "uint256" },
      {
        "internalType": "contract GrantStakingPolicy",
        "name": "stakingPolicy",
        "type": "address"
      }
    ],
    "payable": false,
    "stateMutability": "view",
    "type": "function"
  },
  {
    "constant": true,
    "inputs": [],
    "name": "numGrants",
    "outputs": [{ "internalType": "uint256", "name": "", "type": "uint256" }],
    "payable": false,
    "stateMutability": "view",
    "type": "function"
  },
  {
    "constant": false,
    "inputs": [
      { "internalType": "address", "name": "_from", "type": "address" },
      { "internalType": "uint256", "name": "_amount", "type": "uint256" },
      { "internalType": "address", "name": "_token", "type": "address" },
      { "internalType": "bytes", "name": "_extraData", "type": "bytes" }
    ],
    "name": "receiveApproval",
    "outputs": [],
    "payable": false,
    "stateMutability": "nonpayable",
    "type": "function"
  },
  {
    "constant": false,
    "inputs": [
      { "internalType": "address", "name": "_operator", "type": "address" }
    ],
    "name": "recoverStake",
    "outputs": [],
    "payable": false,
    "stateMutability": "nonpayable",
    "type": "function"
  },
  {
    "constant": false,
    "inputs": [{ "internalType": "uint256", "name": "_id", "type": "uint256" }],
    "name": "revoke",
    "outputs": [],
    "payable": false,
    "stateMutability": "nonpayable",
    "type": "function"
  },
  {
    "constant": false,
    "inputs": [
      { "internalType": "uint256", "name": "_id", "type": "uint256" },
      {
        "internalType": "address",
        "name": "_stakingContract",
        "type": "address"
      },
      { "internalType": "uint256", "name": "_amount", "type": "uint256" },
      { "internalType": "bytes", "name": "_extraData", "type": "bytes" }
    ],
    "name": "stake",
    "outputs": [],
    "payable": false,
    "stateMutability": "nonpayable",
    "type": "function"
  },
  {
    "constant": true,
    "inputs": [
      { "internalType": "address", "name": "_address", "type": "address" }
    ],
    "name": "stakeBalanceOf",
    "outputs": [
      { "internalType": "uint256", "name": "balance", "type": "uint256" }
    ],
    "payable": false,
    "stateMutability": "view",
    "type": "function"
  },
  {
    "constant": true,
    "inputs": [],
    "name": "token",
    "outputs": [
      {
        "internalType": "contract ERC20Burnable",
        "name": "",
        "type": "address"
      }
    ],
    "payable": false,
    "stateMutability": "view",
    "type": "function"
  },
  {
    "constant": false,
    "inputs": [
      { "internalType": "address", "name": "_operator", "type": "address" }
    ],
    "name": "undelegate",
    "outputs": [],
    "payable": false,
    "stateMutability": "nonpayable",
    "type": "function"
  },
  {
    "constant": false,
    "inputs": [
      { "internalType": "address", "name": "_operator", "type": "address" }
    ],
    "name": "undelegateRevoked",
    "outputs": [],
    "payable": false,
    "stateMutability": "nonpayable",
    "type": "function"
  },
  {
    "constant": true,
    "inputs": [{ "internalType": "uint256", "name": "_id", "type": "uint256" }],
    "name": "unlockedAmount",
    "outputs": [{ "internalType": "uint256", "name": "", "type": "uint256" }],
    "payable": false,
    "stateMutability": "view",
    "type": "function"
  },
  {
    "constant": false,
    "inputs": [{ "internalType": "uint256", "name": "_id", "type": "uint256" }],
    "name": "withdraw",
    "outputs": [],
    "payable": false,
    "stateMutability": "nonpayable",
    "type": "function"
  },
  {
    "constant": false,
    "inputs": [{ "internalType": "uint256", "name": "_id", "type": "uint256" }],
    "name": "withdrawRevoked",
    "outputs": [],
    "payable": false,
    "stateMutability": "nonpayable",
    "type": "function"
  },
  {
    "constant": true,
    "inputs": [{ "internalType": "uint256", "name": "_id", "type": "uint256" }],
    "name": "withdrawable",
    "outputs": [{ "internalType": "uint256", "name": "", "type": "uint256" }],
    "payable": false,
    "stateMutability": "view",
    "type": "function"
  }
]
